[{"model": "contenttypes.contenttype", "pk": 1, "fields": {"app_label": "admin", "model": "logentry"}}, {"model": "contenttypes.contenttype", "pk": 2, "fields": {"app_label": "auth", "model": "permission"}}, {"model": "contenttypes.contenttype", "pk": 3, "fields": {"app_label": "auth", "model": "group"}}, {"model": "contenttypes.contenttype", "pk": 4, "fields": {"app_label": "auth", "model": "user"}}, {"model": "contenttypes.contenttype", "pk": 5, "fields": {"app_label": "contenttypes", "model": "contenttype"}}, {"model": "contenttypes.contenttype", "pk": 6, "fields": {"app_label": "sessions", "model": "session"}}, {"model": "contenttypes.contenttype", "pk": 7, "fields": {"app_label": "default", "model": "usersocialauth"}}, {"model": "contenttypes.contenttype", "pk": 8, "fields": {"app_label": "default", "model": "nonce"}}, {"model": "contenttypes.contenttype", "pk": 9, "fields": {"app_label": "default", "model": "association"}}, {"model": "contenttypes.contenttype", "pk": 10, "fields": {"app_label": "default", "model": "code"}}, {"model": "contenttypes.contenttype", "pk": 11, "fields": {"app_label": "equipment", "model": "itemtype"}}, {"model": "contenttypes.contenttype", "pk": 12, "fields": {"app_label": "equipment", "model": "item"}}, {"model": "contenttypes.contenttype", "pk": 13, "fields": {"app_label": "equipment", "model": "itemrequest"}}, {"model": "contenttypes.contenttype", "pk": 14, "fields": {"app_label": "flatpages", "model": "flatpage"}}, {"model": "contenttypes.contenttype", "pk": 15, "fields": {"app_label": "events", "model": "event"}}, {"model": "contenttypes.contenttype", "pk": 16, "fields": {"app_label": "files", "model": "folder"}}, {"model": "contenttypes.contenttype", "pk": 17, "fields": {"app_label": "files", "model": "file"}}, {"model": "contenttypes.contenttype", "pk": 18, "fields": {"app_label": "blog", "model": "post"}}, {"model": "contenttypes.contenttype", "pk": 19, "fields": {"app_label": "main", "model": "teammember"}}, {"model": "contenttypes.contenttype", "pk": 20, "fields": {"app_label": "main", "model": "request"}}, {"model": "sessions.session", "pk": "2yhb5p04gk05rj5ef7di2sap5cxalcic", "fields": {"session_data": "NTg5NzdjNzUxZDMxOGI4NzUxNGJmN2ZiMjUwMDU5M2MyZjJiYTcxMTp7Imdvb2dsZS1vYXV0aDJfc3RhdGUiOiJsUTZac0E3SjNXVU9vck9PdW9aY0dRNzJNOVdYNU9GeiIsIl9hdXRoX3VzZXJfaWQiOiIyIiwic29jaWFsX2F1dGhfbGFzdF9sb2dpbl9iYWNrZW5kIjoiZ29vZ2xlLW9hdXRoMiIsIl9hdXRoX3VzZXJfYmFja2VuZCI6InNvY2lhbC5iYWNrZW5kcy5nb29nbGUuR29vZ2xlT0F1dGgyIiwibmV4dCI6Ii9ibG9nLyIsIl9hdXRoX3VzZXJfaGFzaCI6ImY1YzA5Y2ZhNGQxY2I3NjMyMDJmYTk2YjQ1ZmU0NTAwODNkNmExYjMifQ==", "expire_date": "2016-02-01T01:53:45.892Z"}}, {"model": "sessions.session", "pk": "dz2uyxzzyz63eb97lv379k2neafqcit3", "fields": {"session_data": "OWYzMGM5M2U3OGE3YTllNWY3NGYyZDJhMTViNmMxYWQwMjc2YzE5Njp7Imdvb2dsZS1vYXV0aDJfc3RhdGUiOiJidTd4SXFsMFdFUGNZYTZQQ1VWQjZHd0dRYU41eGJZbyIsIl9hdXRoX3VzZXJfaWQiOiIyIiwic29jaWFsX2F1dGhfbGFzdF9sb2dpbl9iYWNrZW5kIjoiZ29vZ2xlLW9hdXRoMiIsIl9hdXRoX3VzZXJfYmFja2VuZCI6InNvY2lhbC5iYWNrZW5kcy5nb29nbGUuR29vZ2xlT0F1dGgyIiwibmV4dCI6Ii8iLCJfYXV0aF91c2VyX2hhc2giOiJmNWMwOWNmYTRkMWNiNzYzMjAyZmE5NmI0NWZlNDUwMDgzZDZhMWIzIn0=", "expire_date": "2016-02-05T18:24:29.810Z"}}, {"model": "flatpages.flatpage", "pk": 2, "fields": {"url": "/about/", "title": "About", "content": "<div style=\"max-height: 40vh; overflow: hidden; position: relative;\"><img alt=\"\" src=\"/media/uploads/2016/01/22/header.jpg\" style=\"width:100%\" /></div>\r\n\r\n<div id=\"main\">\r\n<div class=\"row col-md-12\">\r\n<div class=\"col-md-6\">\r\n<h3>Mission</h3>\r\n\r\n<p>RIT Sailing is designed and managed with the intention of allowing students of all skill levels the ability to participate in the sport of sailing while simultaneously building a competitive program in the Middle Atlantic Intercollegiate Sailing Association (MAISA). The club helps to educate students, ranging from no experience to years of it, on the fundamentals of sailing, advanced techniques racing rules and strategies, and experience sailing a variety of boats.</p>\r\n</div>\r\n\r\n<div class=\"col-md-6\">\r\n<h3>Practices</h3>\r\n\r\n<p>We hold&nbsp;weekly classroom practices on Thrusday @ 8pm in Gosnell room A200.</p>\r\n\r\n<p>We also have frequent on-the-water practices at the Sodus Bay Yacht Club.</p>\r\n</div>\r\n</div>\r\n\r\n<div class=\"row col-md-12\">\r\n<div class=\"col-md-6\">\r\n<h3>Boats</h3>\r\n\r\n<p>We use&nbsp;a variety of boats including:</p>\r\n\r\n<ul>\r\n\t<li>420&#39;s</li>\r\n\t<li>Lasers</li>\r\n\t<li>Interclubs</li>\r\n\t<li>Club-owned J24</li>\r\n</ul>\r\n</div>\r\n\r\n<div class=\"col-md-6\">\r\n<h3>Events</h3>\r\n\r\n<p>RIT sailors have the opportunity to participate in a number of competitive and leisurely sailing activities. RIT Sailing is active in the Intercollegiate Sailing Association, as well as the Rochester Frostbiting Association, Sodus Bay Ice Boat Club, and is currently exploring ways to become more involved in the local and regional keelboat racing communities.</p>\r\n</div>\r\n</div>\r\n</div>", "enable_comments": false, "template_name": "", "registration_required": false}}, {"model": "events.event", "pk": 1, "fields": {"title": "Boating Bash", "description": "The boatiest bash", "date": "2016-01-02", "end_date": null, "closed_rsvp": false, "going": [1, 5, 6, 7, 9, 11, 18]}}, {"model": "events.event", "pk": 2, "fields": {"title": "Boating Bash V2", "description": "The bashining", "date": "2016-01-22", "end_date": null, "closed_rsvp": true, "going": [1]}}, {"model": "files.folder", "pk": 1, "fields": {"name": "Documents", "parent": null}}, {"model": "files.folder", "pk": 2, "fields": {"name": "Constitution", "parent": 1}}, {"model": "files.file", "pk": 1, "fields": {"name": "Constitution", "content": "files/documents/SailingClubConstitution.pdf", "description": "", "publish_date": "2016-01-02T22:13:29.952Z", "last_modified": "2016-01-02T22:23:21.593Z", "uploaded_by": 1, "parent": 2}}, {"model": "blog.post", "pk": 1, "fields": {"author": 1, "header_image": "./IMG_20151230_162847695_HDR.jpg", "title": "New Website!", "sub_title": "The new and lovely website that is amazing", "date": "2016-01-17", "pinned_post": true, "content": "<h3>Welcome to our new website!</h3>\r\n\r\n<p>In order to get yourself registered, follow these simple steps:</p>\r\n\r\n<ol>\r\n\t<li>Go to&nbsp;<a href=\"/register\">the register page</a>&nbsp;and register.</li>\r\n\t<li>Wait until we accept your request (you will be emailed when we do).</li>\r\n\t<li>Login with your rit google account via the login button found on every page.</li>\r\n\t<li>You are now registered with the new site.</li>\r\n\t<li>If you are on the board, email&nbsp;<a href=\"mailto:gxd5116@rit.edu?subject=Pls%20add%20me%20as%20a%20staff%20member\" target=\"_blank\">me</a>&nbsp;and I will add you as a staff member.</li>\r\n\t<li>Once you are added as a staff member (I will tell you) please use the sign out button and sign back in. (This updates your permissions)</li>\r\n</ol>\r\n\r\n<p>If you find any bugs,&nbsp;issues or have any feature requests, please <a href=\"http://goo.gl/forms/4NbNc2rXZR\" target=\"_blank\">fill out this form</a>.</p>\r\n\r\n<p>Your avatar is tied to your Google account so you have to <a href=\"http://profiles.google.com\">go through Google</a> to change it. When you do, don&#39;t press the &quot;Upgrade&quot; button. Once that is done, give Google a few minuites to do the changes, come back, and then&nbsp;logout and back in for the changes to take effect.</p>"}}, {"model": "blog.post", "pk": 2, "fields": {"author": 1, "header_image": "", "title": "Alpha 0.2", "sub_title": "A new day, a new release", "date": "2016-01-17", "pinned_post": false, "content": "<p>Changelog:</p>\r\n\r\n<ul>\r\n\t<li>Member search</li>\r\n\t<li>Equipment</li>\r\n\t<li>Static pages (front &amp; about page)</li>\r\n\t<li>Blog post seperate loading</li>\r\n\t<li>Lots of small fixes</li>\r\n</ul>"}}, {"model": "main.request", "pk": 5, "fields": {"email": "tnt8698@g.rit.edu", "first_name": "Tyler", "last_name": "Tomasik", "year_level": "1", "accepted": true, "was_checked": true}}, {"model": "auth.permission", "pk": 1, "fields": {"name": "Can add log entry", "content_type": 1, "codename": "add_logentry"}}, {"model": "auth.permission", "pk": 2, "fields": {"name": "Can change log entry", "content_type": 1, "codename": "change_logentry"}}, {"model": "auth.permission", "pk": 3, "fields": {"name": "Can delete log entry", "content_type": 1, "codename": "delete_logentry"}}, {"model": "auth.permission", "pk": 4, "fields": {"name": "Can add permission", "content_type": 2, "codename": "add_permission"}}, {"model": "auth.permission", "pk": 5, "fields": {"name": "Can change permission", "content_type": 2, "codename": "change_permission"}}, {"model": "auth.permission", "pk": 6, "fields": {"name": "Can delete permission", "content_type": 2, "codename": "delete_permission"}}, {"model": "auth.permission", "pk": 7, "fields": {"name": "Can add group", "content_type": 3, "codename": "add_group"}}, {"model": "auth.permission", "pk": 8, "fields": {"name": "Can change group", "content_type": 3, "codename": "change_group"}}, {"model": "auth.permission", "pk": 9, "fields": {"name": "Can delete group", "content_type": 3, "codename": "delete_group"}}, {"model": "auth.permission", "pk": 10, "fields": {"name": "Can add user", "content_type": 4, "codename": "add_user"}}, {"model": "auth.permission", "pk": 11, "fields": {"name": "Can change user", "content_type": 4, "codename": "change_user"}}, {"model": "auth.permission", "pk": 12, "fields": {"name": "Can delete user", "content_type": 4, "codename": "delete_user"}}, {"model": "auth.permission", "pk": 13, "fields": {"name": "Can add content type", "content_type": 5, "codename": "add_contenttype"}}, {"model": "auth.permission", "pk": 14, "fields": {"name": "Can change content type", "content_type": 5, "codename": "change_contenttype"}}, {"model": "auth.permission", "pk": 15, "fields": {"name": "Can delete content type", "content_type": 5, "codename": "delete_contenttype"}}, {"model": "auth.permission", "pk": 16, "fields": {"name": "Can add session", "content_type": 6, "codename": "add_session"}}, {"model": "auth.permission", "pk": 17, "fields": {"name": "Can change session", "content_type": 6, "codename": "change_session"}}, {"model": "auth.permission", "pk": 18, "fields": {"name": "Can delete session", "content_type": 6, "codename": "delete_session"}}, {"model": "auth.permission", "pk": 19, "fields": {"name": "Can add user social auth", "content_type": 7, "codename": "add_usersocialauth"}}, {"model": "auth.permission", "pk": 20, "fields": {"name": "Can change user social auth", "content_type": 7, "codename": "change_usersocialauth"}}, {"model": "auth.permission", "pk": 21, "fields": {"name": "Can delete user social auth", "content_type": 7, "codename": "delete_usersocialauth"}}, {"model": "auth.permission", "pk": 22, "fields": {"name": "Can add nonce", "content_type": 8, "codename": "add_nonce"}}, {"model": "auth.permission", "pk": 23, "fields": {"name": "Can change nonce", "content_type": 8, "codename": "change_nonce"}}, {"model": "auth.permission", "pk": 24, "fields": {"name": "Can delete nonce", "content_type": 8, "codename": "delete_nonce"}}, {"model": "auth.permission", "pk": 25, "fields": {"name": "Can add association", "content_type": 9, "codename": "add_association"}}, {"model": "auth.permission", "pk": 26, "fields": {"name": "Can change association", "content_type": 9, "codename": "change_association"}}, {"model": "auth.permission", "pk": 27, "fields": {"name": "Can delete association", "content_type": 9, "codename": "delete_association"}}, {"model": "auth.permission", "pk": 28, "fields": {"name": "Can add code", "content_type": 10, "codename": "add_code"}}, {"model": "auth.permission", "pk": 29, "fields": {"name": "Can change code", "content_type": 10, "codename": "change_code"}}, {"model": "auth.permission", "pk": 30, "fields": {"name": "Can delete code", "content_type": 10, "codename": "delete_code"}}, {"model": "auth.permission", "pk": 31, "fields": {"name": "Can add team member", "content_type": 11, "codename": "add_teammember"}}, {"model": "auth.permission", "pk": 32, "fields": {"name": "Can change team member", "content_type": 11, "codename": "change_teammember"}}, {"model": "auth.permission", "pk": 33, "fields": {"name": "Can delete team member", "content_type": 11, "codename": "delete_teammember"}}, {"model": "auth.permission", "pk": 34, "fields": {"name": "Can add request", "content_type": 12, "codename": "add_request"}}, {"model": "auth.permission", "pk": 35, "fields": {"name": "Can change request", "content_type": 12, "codename": "change_request"}}, {"model": "auth.permission", "pk": 36, "fields": {"name": "Can delete request", "content_type": 12, "codename": "delete_request"}}, {"model": "auth.permission", "pk": 37, "fields": {"name": "Can add event", "content_type": 13, "codename": "add_event"}}, {"model": "auth.permission", "pk": 38, "fields": {"name": "Can change event", "content_type": 13, "codename": "change_event"}}, {"model": "auth.permission", "pk": 39, "fields": {"name": "Can delete event", "content_type": 13, "codename": "delete_event"}}, {"model": "auth.permission", "pk": 40, "fields": {"name": "Can add folder", "content_type": 14, "codename": "add_folder"}}, {"model": "auth.permission", "pk": 41, "fields": {"name": "Can change folder", "content_type": 14, "codename": "change_folder"}}, {"model": "auth.permission", "pk": 42, "fields": {"name": "Can delete folder", "content_type": 14, "codename": "delete_folder"}}, {"model": "auth.permission", "pk": 43, "fields": {"name": "Can add file", "content_type": 15, "codename": "add_file"}}, {"model": "auth.permission", "pk": 44, "fields": {"name": "Can change file", "content_type": 15, "codename": "change_file"}}, {"model": "auth.permission", "pk": 45, "fields": {"name": "Can delete file", "content_type": 15, "codename": "delete_file"}}, {"model": "auth.permission", "pk": 46, "fields": {"name": "Can add post", "content_type": 16, "codename": "add_post"}}, {"model": "auth.permission", "pk": 47, "fields": {"name": "Can change post", "content_type": 16, "codename": "change_post"}}, {"model": "auth.permission", "pk": 48, "fields": {"name": "Can delete post", "content_type": 16, "codename": "delete_post"}}, {"model": "auth.permission", "pk": 49, "fields": {"name": "Can add file", "content_type": 17, "codename": "add_file"}}, {"model": "auth.permission", "pk": 50, "fields": {"name": "Can change file", "content_type": 17, "codename": "change_file"}}, {"model": "auth.permission", "pk": 51, "fields": {"name": "Can delete file", "content_type": 17, "codename": "delete_file"}}, {"model": "auth.permission", "pk": 52, "fields": {"name": "Can add post", "content_type": 18, "codename": "add_post"}}, {"model": "auth.permission", "pk": 53, "fields": {"name": "Can change post", "content_type": 18, "codename": "change_post"}}, {"model": "auth.permission", "pk": 54, "fields": {"name": "Can delete post", "content_type": 18, "codename": "delete_post"}}, {"model": "auth.permission", "pk": 55, "fields": {"name": "Can add team member", "content_type": 19, "codename": "add_teammember"}}, {"model": "auth.permission", "pk": 56, "fields": {"name": "Can change team member", "content_type": 19, "codename": "change_teammember"}}, {"model": "auth.permission", "pk": 57, "fields": {"name": "Can delete team member", "content_type": 19, "codename": "delete_teammember"}}, {"model": "auth.permission", "pk": 58, "fields": {"name": "Can add request", "content_type": 20, "codename": "add_request"}}, {"model": "auth.permission", "pk": 59, "fields": {"name": "Can change request", "content_type": 20, "codename": "change_request"}}, {"model": "auth.permission", "pk": 60, "fields": {"name": "Can delete request", "content_type": 20, "codename": "delete_request"}}, {"model": "auth.permission", "pk": 61, "fields": {"name": "Can add item type", "content_type": 11, "codename": "add_itemtype"}}, {"model": "auth.permission", "pk": 62, "fields": {"name": "Can change item type", "content_type": 11, "codename": "change_itemtype"}}, {"model": "auth.permission", "pk": 63, "fields": {"name": "Can delete item type", "content_type": 11, "codename": "delete_itemtype"}}, {"model": "auth.permission", "pk": 64, "fields": {"name": "Can add item", "content_type": 12, "codename": "add_item"}}, {"model": "auth.permission", "pk": 65, "fields": {"name": "Can change item", "content_type": 12, "codename": "change_item"}}, {"model": "auth.permission", "pk": 66, "fields": {"name": "Can delete item", "content_type": 12, "codename": "delete_item"}}, {"model": "auth.permission", "pk": 67, "fields": {"name": "Can add item request", "content_type": 13, "codename": "add_itemrequest"}}, {"model": "auth.permission", "pk": 68, "fields": {"name": "Can change item request", "content_type": 13, "codename": "change_itemrequest"}}, {"model": "auth.permission", "pk": 69, "fields": {"name": "Can delete item request", "content_type": 13, "codename": "delete_itemrequest"}}, {"model": "auth.permission", "pk": 70, "fields": {"name": "Can add flat page", "content_type": 14, "codename": "add_flatpage"}}, {"model": "auth.permission", "pk": 71, "fields": {"name": "Can change flat page", "content_type": 14, "codename": "change_flatpage"}}, {"model": "auth.permission", "pk": 72, "fields": {"name": "Can delete flat page", "content_type": 14, "codename": "delete_flatpage"}}, {"model": "auth.permission", "pk": 73, "fields": {"name": "Can add event", "content_type": 15, "codename": "add_event"}}, {"model": "auth.permission", "pk": 74, "fields": {"name": "Can change event", "content_type": 15, "codename": "change_event"}}, {"model": "auth.permission", "pk": 75, "fields": {"name": "Can delete event", "content_type": 15, "codename": "delete_event"}}, {"model": "auth.permission", "pk": 76, "fields": {"name": "Can add folder", "content_type": 16, "codename": "add_folder"}}, {"model": "auth.permission", "pk": 77, "fields": {"name": "Can change folder", "content_type": 16, "codename": "change_folder"}}, {"model": "auth.permission", "pk": 78, "fields": {"name": "Can delete folder", "content_type": 16, "codename": "delete_folder"}}, {"model": "auth.user", "pk": 1, "fields": {"password": "pbkdf2_sha256$24000$fOJDLSGRpuTD$mZBSXoN3wFGV/mHCuNdRS5Q6uprXx98IvUJZ6JFX3SI=", "last_login": "2016-01-18T01:47:36.656Z", "is_superuser": true, "username": "admin", "first_name": "", "last_name": "", "email": "", "is_staff": true, "is_active": true, "date_joined": "2015-12-24T23:19:59.071Z", "groups": [], "user_permissions": []}}, {"model": "auth.user", "pk": 2, "fields": {"password": "!5xijiSwHMZIEAkQIvHseIK5lknr5zdMTFZJbkOaC", "last_login": "2016-01-22T18:24:29.795Z", "is_superuser": true, "username": "gxd5116", "first_name": "Gareth", "last_name": "Daunton", "email": "gxd5116@g.rit.edu", "is_staff": true, "is_active": true, "date_joined": "2016-01-02T22:10:27Z", "groups": [], "user_permissions": [52, 53, 54, 35, 37, 38, 39, 32, 73, 43, 74, 44, 75, 45, 49, 50, 51, 76, 46, 77, 47, 78, 48, 40, 41, 42, 59, 56]}}, {"model": "auth.user", "pk": 5, "fields": {"password": "!JHjwmHGrFI6DNfeD2uN2prG9M6fWvlIejOewSWUg", "last_login": "2016-01-07T18:16:30.606Z", "is_superuser": false, "username": "jdf8294", "first_name": "James", "last_name": "Funnell", "email": "jdf8294@g.rit.edu", "is_staff": false, "is_active": true, "date_joined": "2016-01-07T18:16:28.982Z", "groups": [], "user_permissions": []}}, {"model": "auth.user", "pk": 6, "fields": {"password": "!5BMtmi2FySbEdWXzzDfi5rXDBPSvxE85cVLss85I", "last_login": "2016-01-07T18:21:51.351Z", "is_superuser": false, "username": "ajk1755", "first_name": "Andrew", "last_name": "Kalil", "email": "ajk1755@g.rit.edu", "is_staff": false, "is_active": true, "date_joined": "2016-01-07T18:21:50.058Z", "groups": [], "user_permissions": []}}, {"model": "auth.user", "pk": 7, "fields": {"password": "!LvTG93SE34SNrPHmb96Fwvzy6Kol3XmtwQXJfdmZ", "last_login": "2016-01-07T18:50:38.785Z", "is_superuser": false, "username": "cak8395", "first_name": "Chad", "last_name": "Kratina", "email": "cak8395@g.rit.edu", "is_staff": false, "is_active": true, "date_joined": "2016-01-07T18:50:37.514Z", "groups": [], "user_permissions": []}}, {"model": "auth.user", "pk": 8, "fields": {"password": "!hsPH39Wn4CHZJCznVjuydj5fiCYkY11HwBtiRIhc", "last_login": "2016-01-07T19:23:07.730Z", "is_superuser": false, "username": "jjg8282", "first_name": "John", "last_name": "Gunn", "email": "jjg8282@g.rit.edu", "is_staff": false, "is_active": true, "date_joined": "2016-01-07T19:23:06.459Z", "groups": [], "user_permissions": []}}, {"model": "auth.user", "pk": 9, "fields": {"password": "!oEZWbS694i1bPI8xpblKNmDzuhkb5UoIyqwSKGFd", "last_login": "2016-01-07T20:36:12.341Z", "is_superuser": false, "username": "dml4479", "first_name": "Drew", "last_name": "Laudenslager", "email": "dml4479@g.rit.edu", "is_staff": false, "is_active": true, "date_joined": "2016-01-07T20:36:11.129Z", "groups": [], "user_permissions": []}}, {"model": "auth.user", "pk": 10, "fields": {"password": "!zaEVKMUvrK9EmyNP8fCGwA2RCiLVk2oFSU82yf4d", "last_login": "2016-01-08T02:09:57.563Z", "is_superuser": false, "username": "rti5978", "first_name": "Robert", "last_name": "Ichiyama", "email": "rti5978@g.rit.edu", "is_staff": true, "is_active": true, "date_joined": "2016-01-07T23:26:09Z", "groups": [], "user_permissions": [35, 37, 38, 39, 32, 43, 44, 45, 46, 47, 48, 40, 41, 42]}}, {"model": "auth.user", "pk": 11, "fields": {"password": "!CkYt59AERSnvwPfp9hXCGjBcALRaQvsljV61yRTa", "last_login": "2016-01-08T16:09:19.211Z", "is_superuser": false, "username": "axh3077", "first_name": "Adam", "last_name": "Hicks", "email": "axh3077@g.rit.edu", "is_staff": false, "is_active": true, "date_joined": "2016-01-08T16:09:17.966Z", "groups": [], "user_permissions": []}}, {"model": "auth.user", "pk": 12, "fields": {"password": "!UqKcVyon2unXpmtArksJIkFYfZeIh2yxF0KZd8jB", "last_login": "2016-01-08T23:24:48.934Z", "is_superuser": false, "username": "rje6459", "first_name": "Robert", "last_name": "Ellegate", "email": "rje6459@g.rit.edu", "is_staff": false, "is_active": true, "date_joined": "2016-01-08T23:24:47.666Z", "groups": [], "user_permissions": []}}, {"model": "auth.user", "pk": 13, "fields": {"password": "!5bOFffuC8vhlsSj3nyBZYmPKmBaLiHm40w4LLug1", "last_login": "2016-01-09T02:05:39.065Z", "is_superuser": false, "username": "wxm9191", "first_name": "William", "last_name": "McCaffrey", "email": "wxm9191@g.rit.edu", "is_staff": true, "is_active": true, "date_joined": "2016-01-09T01:53:36Z", "groups": [], "user_permissions": [35, 37, 38, 39, 32, 43, 44, 45, 46, 47, 48, 40, 41, 42]}}, {"model": "auth.user", "pk": 14, "fields": {"password": "!zSXPuBtQJurzTs5GcxWGD7I9LaL7nZIuHTzMQ7qV", "last_login": "2016-01-09T02:03:47.335Z", "is_superuser": false, "username": "bjw2574", "first_name": "Benjamin", "last_name": "Wilson", "email": "bjw2574@g.rit.edu", "is_staff": false, "is_active": true, "date_joined": "2016-01-09T02:03:45.959Z", "groups": [], "user_permissions": []}}, {"model": "auth.user", "pk": 15, "fields": {"password": "!zXNNjZuiBLqmcGRkuDONSLPP9z1WCKh7eUck3hTI", "last_login": "2016-01-09T03:44:26.644Z", "is_superuser": false, "username": "mld3298", "first_name": "Madison", "last_name": "Davis", "email": "mld3298@g.rit.edu", "is_staff": false, "is_active": true, "date_joined": "2016-01-09T03:44:25.318Z", "groups": [], "user_permissions": []}}, {"model": "auth.user", "pk": 16, "fields": {"password": "!ulZhJ4cvSZ9Q0CxTjndfXNpIWObY4vvNz2ZzBFyE", "last_login": "2016-01-09T06:11:44.805Z", "is_superuser": true, "username": "rc2106", "first_name": "Richard", "last_name": "Cremin", "email": "rc2106@g.rit.edu", "is_staff": true, "is_active": true, "date_joined": "2016-01-09T06:02:06Z", "groups": [], "user_permissions": [35, 37, 38, 39, 32, 43, 44, 45, 46, 47, 48, 40, 41, 42]}}, {"model": "auth.user", "pk": 17, "fields": {"password": "!mAUcGxVN9SFZQt304ZaFvNefo1qzySs7ocQ3x3HO", "last_login": "2016-01-10T00:01:17.657Z", "is_superuser": false, "username": "axr3176", "first_name": "Amit", "last_name": "Rogel", "email": "axr3176@g.rit.edu", "is_staff": false, "is_active": true, "date_joined": "2016-01-10T00:01:16.080Z", "groups": [], "user_permissions": []}}, {"model": "auth.user", "pk": 18, "fields": {"password": "!YGmamHx9pV73RUUyna3bm8CbXm8eMIHXswAVdkUK", "last_login": "2016-01-13T23:17:57Z", "is_superuser": true, "username": "ixt7265", "first_name": "Ian", "last_name": "Taylor", "email": "ixt7265@g.rit.edu", "is_staff": true, "is_active": true, "date_joined": "2016-01-13T23:17:56Z", "groups": [], "user_permissions": []}}, {"model": "default.usersocialauth", "pk": 1, "fields": {"user": 2, "provider": "google-oauth2", "uid": "gxd5116@g.rit.edu", "extra_data": "{\"token_type\": \"Bearer\", \"access_token\": \"ya29.cQK1foMIcgc65TIX9ySJW1zEMDi-B-azN6LV1XbSdzM4CJKqlurpDfIrjdinZ4oDUdQy\", \"expires\": 3600}"}}, {"model": "default.usersocialauth", "pk": 4, "fields": {"user": 5, "provider": "google-oauth2", "uid": "jdf8294@g.rit.edu", "extra_data": "{\"token_type\": \"Bearer\", \"access_token\": \"ya29.YgKN3FXH5SeL_Kl3GXdQjSJgkwCYRTs28Z-nzQYgqsOUbFy8PyGkAkTd89mOR3AvaP12\", \"expires\": 3600}"}}, {"model": "default.usersocialauth", "pk": 5, "fields": {"user": 6, "provider": "google-oauth2", "uid": "ajk1755@g.rit.edu", "extra_data": "{\"token_type\": \"Bearer\", \"access_token\": \"ya29.YgIYaYqRGoa1pAutEbA5eY_KGdz8SOd5DHTM0U6At1Pd-6ff6r_Bj8OVe-z4a0OjY_te\", \"expires\": 3600}"}}, {"model": "default.usersocialauth", "pk": 6, "fields": {"user": 7, "provider": "google-oauth2", "uid": "cak8395@g.rit.edu", "extra_data": "{\"token_type\": \"Bearer\", \"access_token\": \"ya29.YgIP4AmB6U4cmZwLRPFNzHFPk8Hgu8Z33HsX_rHpYk-D1E0ok2ITnlIsQvL2RBHiraTb\", \"expires\": 3600}"}}, {"model": "default.usersocialauth", "pk": 7, "fields": {"user": 8, "provider": "google-oauth2", "uid": "jjg8282@g.rit.edu", "extra_data": "{\"token_type\": \"Bearer\", \"access_token\": \"ya29.YgJFrmuTWeVpbUr5jKwDVypRqzKGAIJUnWzhjqvAplstgB2USWnXFmk1r7rk0Rx4zGxp\", \"expires\": 3600}"}}, {"model": "default.usersocialauth", "pk": 8, "fields": {"user": 9, "provider": "google-oauth2", "uid": "dml4479@g.rit.edu", "extra_data": "{\"token_type\": \"Bearer\", \"access_token\": \"ya29.YgJpYDw7QtNqUbLt2qVnswoo5PZdy3CDsnqX-UMurLqmr5qmwiBofz16srcPuEJRhxNr\", \"expires\": 3600}"}}, {"model": "default.usersocialauth", "pk": 9, "fields": {"user": 10, "provider": "google-oauth2", "uid": "rti5978@g.rit.edu", "extra_data": "{\"token_type\": \"Bearer\", \"access_token\": \"ya29.YwJvuLJJteUbh3kj7UNAHgtm7C9vxcCU__P10jPm2b9voEFTit53m1aJWz8NqrUB2Tl8\", \"expires\": 3599}"}}, {"model": "default.usersocialauth", "pk": 10, "fields": {"user": 11, "provider": "google-oauth2", "uid": "axh3077@g.rit.edu", "extra_data": "{\"token_type\": \"Bearer\", \"access_token\": \"ya29.YwL9dtXcc_jxw5LiRQSMUMEVBUHaslzkkazrjH94ifGw9KYUO9Yi7iElKvNoLHmf-RLX\", \"expires\": 3600}"}}, {"model": "default.usersocialauth", "pk": 11, "fields": {"user": 12, "provider": "google-oauth2", "uid": "rje6459@g.rit.edu", "extra_data": "{\"token_type\": \"Bearer\", \"access_token\": \"ya29.YwL9CeiFqwzUHvZp6PkhKWE0kv9ualiUaIqsdFmOF_WPafV0uEmmAV9rLx1-Pjg62XhNTA\", \"expires\": 3600}"}}, {"model": "default.usersocialauth", "pk": 12, "fields": {"user": 13, "provider": "google-oauth2", "uid": "wxm9191@g.rit.edu", "extra_data": "{\"token_type\": \"Bearer\", \"access_token\": \"ya29.ZAJjyxYiEAutxadMFrfw-It9OgstAm4eCM2wlVGS108ic6KAdYFNDOt4HZoGYFG2NvV-\", \"expires\": 3599}"}}, {"model": "default.usersocialauth", "pk": 13, "fields": {"user": 14, "provider": "google-oauth2", "uid": "bjw2574@g.rit.edu", "extra_data": "{\"token_type\": \"Bearer\", \"access_token\": \"ya29.ZAJMJjgcTHaMlKdXxrwZcOyvAJVjRVOjJuGdYCG17W6MM4tuE3CtKGoWwicAU5J6LTyO\", \"expires\": 3600}"}}, {"model": "default.usersocialauth", "pk": 14, "fields": {"user": 15, "provider": "google-oauth2", "uid": "mld3298@g.rit.edu", "extra_data": "{\"token_type\": \"Bearer\", \"access_token\": \"ya29.ZALbWH96JrqlZH0-tbLooIlDRxFCTyhZn36zjjbTX4YVc52gO-hOPP_FdElifXJErx9Z\", \"expires\": 3600}"}}, {"model": "default.usersocialauth", "pk": 15, "fields": {"user": 16, "provider": "google-oauth2", "uid": "rc2106@g.rit.edu", "extra_data": "{\"token_type\": \"Bearer\", \"access_token\": \"ya29.ZALWYhToxJZ94vIj0XXuTXXgXE3bMop_HWZNBPx7dJ-_9DX5f0vcYNfkpXv5wVWDmRwC\", \"expires\": 3600}"}}, {"model": "default.usersocialauth", "pk": 16, "fields": {"user": 17, "provider": "google-oauth2", "uid": "axr3176@g.rit.edu", "extra_data": "{\"token_type\": \"Bearer\", \"access_token\": \"ya29.ZAIlAJF20LCJ1JTEIh3LknEz3YDOey4mO2_msmqOtH-1JrtXAGN9V35Zqe1KiTWMMykd\", \"expires\": 3600}"}}, {"model": "default.usersocialauth", "pk": 17, "fields": {"user": 18, "provider": "google-oauth2", "uid": "ixt7265@g.rit.edu", "extra_data": "{\"token_type\": \"Bearer\", \"access_token\": \"ya29.aAJAf1wJubV-iv-qB0_Of-jFrOrw3EvGBinYZJ5AJcXeWC4q7ZO2Enu6OkTTxXQkgemYHA\", \"expires\": 3600}"}}, {"model": "main.teammember", "pk": 1, "fields": {"user": 2, "year_level": "3", "sailing_level": "3", "eboard_pos": "Web Master", "phone_number": "", "dues_paid": "2016-01-03", "avatar": "https://lh6.googleusercontent.com/-uutOAZfCRlk/AAAAAAAAAAI/AAAAAAAAAEE/2oRxnzzK9nQ/photo.jpg"}}, {"model": "main.teammember", "pk": 5, "fields": {"user": 5, "year_level": "2", "sailing_level": "3", "eboard_pos": "", "phone_number": "", "dues_paid": "2016-01-08", "avatar": "https://lh3.googleusercontent.com/-pSlGZJMPZvg/AAAAAAAAAAI/AAAAAAAAAAA/v4ji0MPrYGM/photo.jpg"}}, {"model": "main.teammember", "pk": 6, "fields": {"user": 6, "year_level": "2", "sailing_level": "3", "eboard_pos": "", "phone_number": "", "dues_paid": "2016-01-08", "avatar": "https://lh3.googleusercontent.com/-XdUIqdMkCWA/AAAAAAAAAAI/AAAAAAAAAAA/4252rscbv5M/photo.jpg"}}, {"model": "main.teammember", "pk": 7, "fields": {"user": 7, "year_level": "2", "sailing_level": "3", "eboard_pos": "", "phone_number": "", "dues_paid": "2016-01-08", "avatar": "https://lh3.googleusercontent.com/-XdUIqdMkCWA/AAAAAAAAAAI/AAAAAAAAAAA/4252rscbv5M/photo.jpg"}}, {"model": "main.teammember", "pk": 8, "fields": {"user": 8, "year_level": "1", "sailing_level": "1", "eboard_pos": "", "phone_number": "", "dues_paid": "2016-01-08", "avatar": "https://lh3.googleusercontent.com/-XdUIqdMkCWA/AAAAAAAAAAI/AAAAAAAAAAA/4252rscbv5M/photo.jpg"}}, {"model": "main.teammember", "pk": 9, "fields": {"user": 9, "year_level": "3", "sailing_level": "3", "eboard_pos": "", "phone_number": "", "dues_paid": "2016-01-08", "avatar": "https://lh3.googleusercontent.com/-XdUIqdMkCWA/AAAAAAAAAAI/AAAAAAAAAAA/4252rscbv5M/photo.jpg"}}, {"model": "main.teammember", "pk": 10, "fields": {"user": 10, "year_level": "2", "sailing_level": "3", "eboard_pos": "Professional Sailor", "phone_number": "", "dues_paid": "2016-01-08", "avatar": "https://lh3.googleusercontent.com/-XdUIqdMkCWA/AAAAAAAAAAI/AAAAAAAAAAA/4252rscbv5M/photo.jpg"}}, {"model": "main.teammember", "pk": 11, "fields": {"user": 11, "year_level": "2", "sailing_level": "1", "eboard_pos": "", "phone_number": "", "dues_paid": "2016-01-08", "avatar": "https://lh3.googleusercontent.com/-XdUIqdMkCWA/AAAAAAAAAAI/AAAAAAAAAAA/4252rscbv5M/photo.jpg"}}, {"model": "main.teammember", "pk": 12, "fields": {"user": 12, "year_level": "1", "sailing_level": "1", "eboard_pos": "", "phone_number": "", "dues_paid": "2016-01-08", "avatar": "https://lh3.googleusercontent.com/-lbwBtibx828/AAAAAAAAAAI/AAAAAAAAAAA/H6hhdwIsn5E/photo.jpg"}}, {"model": "main.teammember", "pk": 13, "fields": {"user": 13, "year_level": "3", "sailing_level": "3", "eboard_pos": "Concussion Prone", "phone_number": "", "dues_paid": "2016-01-08", "avatar": "https://lh3.googleusercontent.com/-XdUIqdMkCWA/AAAAAAAAAAI/AAAAAAAAAAA/4252rscbv5M/photo.jpg"}}, {"model": "main.teammember", "pk": 14, "fields": {"user": 14, "year_level": "2", "sailing_level": "3", "eboard_pos": "", "phone_number": "", "dues_paid": "2016-01-08", "avatar": "https://lh3.googleusercontent.com/-5fmodMtu6sw/AAAAAAAAAAI/AAAAAAAAAAA/ddCUWE7uM_g/photo.jpg"}}, {"model": "main.teammember", "pk": 15, "fields": {"user": 15, "year_level": "1", "sailing_level": "1", "eboard_pos": "", "phone_number": "", "dues_paid": "2016-01-09", "avatar": "https://lh4.googleusercontent.com/-Kj6AOgFbGh8/AAAAAAAAAAI/AAAAAAAAABE/xMTR17k7b3k/photo.jpg"}}, {"model": "main.teammember", "pk": 16, "fields": {"user": 16, "year_level": "3", "sailing_level": "3", "eboard_pos": "", "phone_number": "", "dues_paid": "2016-01-09", "avatar": "https://lh3.googleusercontent.com/-DnvrBJkpBno/AAAAAAAAAAI/AAAAAAAAAAA/Ev8GqmJ8tqE/photo.jpg"}}, {"model": "main.teammember", "pk": 17, "fields": {"user": 17, "year_level": "1", "sailing_level": "3", "eboard_pos": "", "phone_number": "", "dues_paid": "2016-01-09", "avatar": "https://lh3.googleusercontent.com/-XdUIqdMkCWA/AAAAAAAAAAI/AAAAAAAAAAA/4252rscbv5M/photo.jpg"}}, {"model": "main.teammember", "pk": 18, "fields": {"user": 18, "year_level": "2", "sailing_level": "3", "eboard_pos": "", "phone_number": "", "dues_paid": "2016-01-14", "avatar": "https://lh3.googleusercontent.com/-XdUIqdMkCWA/AAAAAAAAAAI/AAAAAAAAAAA/4252rscbv5M/photo.jpg"}}, {"model": "admin.logentry", "pk": 1, "fields": {"action_time": "2015-12-24T23:21:04.344Z", "user": 1, "content_type": 4, "object_id": "1", "object_repr": "admin", "action_flag": 2, "change_message": "Changed password."}}, {"model": "admin.logentry", "pk": 2, "fields": {"action_time": "2015-12-24T23:21:25.311Z", "user": 1, "content_type": 4, "object_id": "1", "object_repr": "admin", "action_flag": 2, "change_message": "Changed password."}}, {"model": "admin.logentry", "pk": 3, "fields": {"action_time": "2016-01-02T22:10:04.650Z", "user": 1, "content_type": 12, "object_id": "1", "object_repr": "Gareth Daunton", "action_flag": 2, "change_message": "Changed accepted."}}, {"model": "admin.logentry", "pk": 4, "fields": {"action_time": "2016-01-02T22:10:47.236Z", "user": 1, "content_type": 4, "object_id": "2", "object_repr": "gxd5116", "action_flag": 2, "change_message": "Changed is_staff and is_superuser."}}, {"model": "admin.logentry", "pk": 5, "fields": {"action_time": "2016-01-02T22:11:56.205Z", "user": 2, "content_type": 14, "object_id": "1", "object_repr": "Documents", "action_flag": 1, "change_message": "Added."}}, {"model": "admin.logentry", "pk": 6, "fields": {"action_time": "2016-01-02T22:13:29.954Z", "user": 2, "content_type": 15, "object_id": "1", "object_repr": "Constitution", "action_flag": 1, "change_message": "Added."}}, {"model": "admin.logentry", "pk": 7, "fields": {"action_time": "2016-01-02T22:14:54.385Z", "user": 2, "content_type": 15, "object_id": "1", "object_repr": "Constitution", "action_flag": 2, "change_message": "Changed content."}}, {"model": "admin.logentry", "pk": 8, "fields": {"action_time": "2016-01-02T22:15:55.812Z", "user": 2, "content_type": 14, "object_id": "2", "object_repr": "Constitution", "action_flag": 1, "change_message": "Added."}}, {"model": "admin.logentry", "pk": 9, "fields": {"action_time": "2016-01-02T22:16:05.333Z", "user": 2, "content_type": 15, "object_id": "1", "object_repr": "Constitution", "action_flag": 2, "change_message": "Changed parent."}}, {"model": "admin.logentry", "pk": 10, "fields": {"action_time": "2016-01-02T22:23:15.659Z", "user": 2, "content_type": 15, "object_id": "1", "object_repr": "Constitution", "action_flag": 2, "change_message": "Changed parent."}}, {"model": "admin.logentry", "pk": 11, "fields": {"action_time": "2016-01-02T22:23:21.594Z", "user": 2, "content_type": 15, "object_id": "1", "object_repr": "Constitution", "action_flag": 2, "change_message": "Changed parent."}}, {"model": "admin.logentry", "pk": 12, "fields": {"action_time": "2016-01-03T03:40:29.886Z", "user": 2, "content_type": 13, "object_id": "1", "object_repr": "Boating Bash", "action_flag": 1, "change_message": "Added."}}, {"model": "admin.logentry", "pk": 13, "fields": {"action_time": "2016-01-03T04:14:36.382Z", "user": 2, "content_type": 13, "object_id": "1", "object_repr": "Boating Bash", "action_flag": 2, "change_message": "Changed closed_rsvp."}}, {"model": "admin.logentry", "pk": 14, "fields": {"action_time": "2016-01-03T04:17:24.724Z", "user": 2, "content_type": 13, "object_id": "1", "object_repr": "Boating Bash", "action_flag": 2, "change_message": "No fields changed."}}, {"model": "admin.logentry", "pk": 15, "fields": {"action_time": "2016-01-03T04:42:17.666Z", "user": 2, "content_type": 13, "object_id": "1", "object_repr": "Boating Bash", "action_flag": 2, "change_message": "No fields changed."}}, {"model": "admin.logentry", "pk": 16, "fields": {"action_time": "2016-01-03T04:48:18.836Z", "user": 2, "content_type": 12, "object_id": "2", "object_repr": "test test", "action_flag": 1, "change_message": "Added."}}, {"model": "admin.logentry", "pk": 17, "fields": {"action_time": "2016-01-03T04:49:03.183Z", "user": 2, "content_type": 12, "object_id": "2", "object_repr": "test test", "action_flag": 3, "change_message": ""}}, {"model": "admin.logentry", "pk": 18, "fields": {"action_time": "2016-01-03T05:13:17.531Z", "user": 2, "content_type": 11, "object_id": "1", "object_repr": "Gareth Daunton", "action_flag": 2, "change_message": "Changed dues_paid."}}, {"model": "admin.logentry", "pk": 19, "fields": {"action_time": "2016-01-03T05:16:18.857Z", "user": 2, "content_type": 13, "object_id": "1", "object_repr": "Boating Bash", "action_flag": 2, "change_message": "Added event-teammember relationship \"Event_going object\"."}}, {"model": "admin.logentry", "pk": 20, "fields": {"action_time": "2016-01-03T05:56:04.360Z", "user": 1, "content_type": 12, "object_id": "3", "object_repr": "Gareth Daunton", "action_flag": 3, "change_message": ""}}, {"model": "admin.logentry", "pk": 21, "fields": {"action_time": "2016-01-06T20:14:33.562Z", "user": 2, "content_type": 16, "object_id": "1", "object_repr": "Post object", "action_flag": 1, "change_message": "Added."}}, {"model": "admin.logentry", "pk": 22, "fields": {"action_time": "2016-01-06T21:43:49.717Z", "user": 2, "content_type": 16, "object_id": "1", "object_repr": "Post object", "action_flag": 2, "change_message": "Changed content."}}, {"model": "admin.logentry", "pk": 23, "fields": {"action_time": "2016-01-06T22:07:18.993Z", "user": 2, "content_type": 16, "object_id": "1", "object_repr": "Post object", "action_flag": 2, "change_message": "Changed content."}}, {"model": "admin.logentry", "pk": 24, "fields": {"action_time": "2016-01-06T22:11:14.505Z", "user": 2, "content_type": 16, "object_id": "1", "object_repr": "Post object", "action_flag": 2, "change_message": "Changed content."}}, {"model": "admin.logentry", "pk": 25, "fields": {"action_time": "2016-01-06T22:46:00.550Z", "user": 2, "content_type": 16, "object_id": "1", "object_repr": "New Website!", "action_flag": 2, "change_message": "Changed content."}}, {"model": "admin.logentry", "pk": 26, "fields": {"action_time": "2016-01-06T22:46:35.351Z", "user": 2, "content_type": 16, "object_id": "1", "object_repr": "New Website!", "action_flag": 2, "change_message": "Changed content."}}, {"model": "admin.logentry", "pk": 27, "fields": {"action_time": "2016-01-06T22:47:33.687Z", "user": 2, "content_type": 16, "object_id": "1", "object_repr": "New Website!", "action_flag": 2, "change_message": "Changed content."}}, {"model": "admin.logentry", "pk": 28, "fields": {"action_time": "2016-01-06T23:40:09.966Z", "user": 2, "content_type": 16, "object_id": "1", "object_repr": "New Website!", "action_flag": 2, "change_message": "Changed content."}}, {"model": "admin.logentry", "pk": 29, "fields": {"action_time": "2016-01-07T00:02:32.520Z", "user": 2, "content_type": 16, "object_id": "1", "object_repr": "New Website!", "action_flag": 2, "change_message": "No fields changed."}}, {"model": "admin.logentry", "pk": 30, "fields": {"action_time": "2016-01-07T00:04:53.110Z", "user": 2, "content_type": 16, "object_id": "1", "object_repr": "New Website!", "action_flag": 2, "change_message": "Changed content."}}, {"model": "admin.logentry", "pk": 31, "fields": {"action_time": "2016-01-07T00:05:59.084Z", "user": 2, "content_type": 16, "object_id": "1", "object_repr": "New Website!", "action_flag": 2, "change_message": "Changed content."}}, {"model": "admin.logentry", "pk": 32, "fields": {"action_time": "2016-01-07T00:57:00.971Z", "user": 2, "content_type": 11, "object_id": "2", "object_repr": " ", "action_flag": 1, "change_message": "Added."}}, {"model": "admin.logentry", "pk": 33, "fields": {"action_time": "2016-01-07T01:05:05.015Z", "user": 2, "content_type": 11, "object_id": "2", "object_repr": " ", "action_flag": 3, "change_message": ""}}, {"model": "admin.logentry", "pk": 34, "fields": {"action_time": "2016-01-07T05:53:08.958Z", "user": 2, "content_type": 12, "object_id": "1", "object_repr": "Ian Taylor", "action_flag": 2, "change_message": "Changed accepted."}}, {"model": "admin.logentry", "pk": 35, "fields": {"action_time": "2016-01-07T16:51:37.718Z", "user": 2, "content_type": 4, "object_id": "3", "object_repr": "ixt7265", "action_flag": 3, "change_message": ""}}, {"model": "admin.logentry", "pk": 36, "fields": {"action_time": "2016-01-07T16:59:01.102Z", "user": 2, "content_type": 12, "object_id": "2", "object_repr": "Ian Taylor", "action_flag": 3, "change_message": ""}}, {"model": "admin.logentry", "pk": 37, "fields": {"action_time": "2016-01-07T17:27:05.487Z", "user": 2, "content_type": 12, "object_id": "3", "object_repr": "Ian Taylor", "action_flag": 2, "change_message": "Changed accepted."}}, {"model": "admin.logentry", "pk": 38, "fields": {"action_time": "2016-01-07T17:39:40.348Z", "user": 2, "content_type": 4, "object_id": "4", "object_repr": "ixt7265", "action_flag": 3, "change_message": ""}}, {"model": "admin.logentry", "pk": 39, "fields": {"action_time": "2016-01-07T18:14:54.746Z", "user": 2, "content_type": 12, "object_id": "6", "object_repr": "James Funnell", "action_flag": 2, "change_message": "Changed accepted."}}, {"model": "admin.logentry", "pk": 40, "fields": {"action_time": "2016-01-07T18:14:55.216Z", "user": 2, "content_type": 12, "object_id": "5", "object_repr": "Tyler Tomasik", "action_flag": 2, "change_message": "Changed accepted."}}, {"model": "admin.logentry", "pk": 41, "fields": {"action_time": "2016-01-07T18:14:55.623Z", "user": 2, "content_type": 12, "object_id": "4", "object_repr": "John Gunn", "action_flag": 2, "change_message": "Changed accepted."}}, {"model": "admin.logentry", "pk": 42, "fields": {"action_time": "2016-01-07T18:20:26.557Z", "user": 2, "content_type": 12, "object_id": "7", "object_repr": "Drew Kalil", "action_flag": 2, "change_message": "Changed accepted."}}, {"model": "admin.logentry", "pk": 43, "fields": {"action_time": "2016-01-07T18:26:17.844Z", "user": 2, "content_type": 11, "object_id": "5", "object_repr": "James Funnell", "action_flag": 2, "change_message": "Changed sailing_level."}}, {"model": "admin.logentry", "pk": 44, "fields": {"action_time": "2016-01-07T18:26:40.853Z", "user": 2, "content_type": 11, "object_id": "6", "object_repr": "Andrew Kalil", "action_flag": 2, "change_message": "Changed sailing_level."}}, {"model": "admin.logentry", "pk": 45, "fields": {"action_time": "2016-01-07T18:49:25.682Z", "user": 2, "content_type": 12, "object_id": "8", "object_repr": "Chad Kratina", "action_flag": 2, "change_message": "Changed accepted."}}, {"model": "admin.logentry", "pk": 46, "fields": {"action_time": "2016-01-07T19:16:37.916Z", "user": 2, "content_type": 12, "object_id": "9", "object_repr": "Drew Laudenslager", "action_flag": 2, "change_message": "Changed accepted."}}, {"model": "admin.logentry", "pk": 47, "fields": {"action_time": "2016-01-07T19:26:38.298Z", "user": 2, "content_type": 12, "object_id": "10", "object_repr": "Robert Ichiyama", "action_flag": 2, "change_message": "Changed accepted."}}, {"model": "admin.logentry", "pk": 48, "fields": {"action_time": "2016-01-07T19:30:38.300Z", "user": 2, "content_type": 12, "object_id": "11", "object_repr": "Ben Wilson", "action_flag": 2, "change_message": "Changed accepted."}}, {"model": "admin.logentry", "pk": 49, "fields": {"action_time": "2016-01-07T20:45:04.920Z", "user": 2, "content_type": 12, "object_id": "12", "object_repr": "Robert Ellegate", "action_flag": 2, "change_message": "Changed accepted."}}, {"model": "admin.logentry", "pk": 50, "fields": {"action_time": "2016-01-07T21:26:17.426Z", "user": 2, "content_type": 12, "object_id": "13", "object_repr": "Madison Davis", "action_flag": 2, "change_message": "Changed accepted."}}, {"model": "admin.logentry", "pk": 51, "fields": {"action_time": "2016-01-07T22:19:13.226Z", "user": 2, "content_type": 12, "object_id": "14", "object_repr": "Ian Taylor", "action_flag": 2, "change_message": "Changed accepted."}}, {"model": "admin.logentry", "pk": 52, "fields": {"action_time": "2016-01-07T22:29:25.935Z", "user": 2, "content_type": 16, "object_id": "1", "object_repr": "New Website!", "action_flag": 2, "change_message": "Changed content."}}, {"model": "admin.logentry", "pk": 53, "fields": {"action_time": "2016-01-07T23:41:10.343Z", "user": 2, "content_type": 12, "object_id": "15", "object_repr": "Will McCaffrey", "action_flag": 2, "change_message": "Changed accepted."}}, {"model": "admin.logentry", "pk": 54, "fields": {"action_time": "2016-01-07T23:43:06.039Z", "user": 2, "content_type": 4, "object_id": "10", "object_repr": "rti5978", "action_flag": 2, "change_message": "Changed is_staff."}}, {"model": "admin.logentry", "pk": 55, "fields": {"action_time": "2016-01-07T23:45:55.194Z", "user": 2, "content_type": 11, "object_id": "10", "object_repr": "Robert Ichiyama", "action_flag": 2, "change_message": "Changed eboard_pos."}}, {"model": "admin.logentry", "pk": 56, "fields": {"action_time": "2016-01-08T03:39:34.218Z", "user": 2, "content_type": 12, "object_id": "16", "object_repr": "Adam Hicks", "action_flag": 2, "change_message": "Changed accepted."}}, {"model": "admin.logentry", "pk": 57, "fields": {"action_time": "2016-01-08T21:23:08.813Z", "user": 2, "content_type": 4, "object_id": "1", "object_repr": "admin", "action_flag": 2, "change_message": "Changed password."}}, {"model": "admin.logentry", "pk": 58, "fields": {"action_time": "2016-01-09T01:54:49.116Z", "user": 2, "content_type": 11, "object_id": "13", "object_repr": "William McCaffrey", "action_flag": 2, "change_message": "Changed sailing_level."}}, {"model": "admin.logentry", "pk": 59, "fields": {"action_time": "2016-01-09T01:55:40.213Z", "user": 2, "content_type": 4, "object_id": "13", "object_repr": "wxm9191", "action_flag": 2, "change_message": "Changed is_staff."}}, {"model": "admin.logentry", "pk": 60, "fields": {"action_time": "2016-01-09T02:30:00.849Z", "user": 2, "content_type": 11, "object_id": "14", "object_repr": "Benjamin Wilson", "action_flag": 2, "change_message": "Changed sailing_level."}}, {"model": "admin.logentry", "pk": 61, "fields": {"action_time": "2016-01-09T02:48:55.261Z", "user": 2, "content_type": 16, "object_id": "1", "object_repr": "New Website!", "action_flag": 2, "change_message": "Changed content."}}, {"model": "admin.logentry", "pk": 62, "fields": {"action_time": "2016-01-09T02:50:26.451Z", "user": 2, "content_type": 16, "object_id": "1", "object_repr": "New Website!", "action_flag": 2, "change_message": "Changed content."}}, {"model": "admin.logentry", "pk": 63, "fields": {"action_time": "2016-01-09T02:50:50.357Z", "user": 2, "content_type": 16, "object_id": "1", "object_repr": "New Website!", "action_flag": 2, "change_message": "Changed content."}}, {"model": "admin.logentry", "pk": 64, "fields": {"action_time": "2016-01-09T02:55:05.196Z", "user": 2, "content_type": 11, "object_id": "14", "object_repr": "Benjamin Wilson", "action_flag": 2, "change_message": "Changed dues_paid."}}, {"model": "admin.logentry", "pk": 65, "fields": {"action_time": "2016-01-09T02:55:11.077Z", "user": 2, "content_type": 11, "object_id": "13", "object_repr": "William McCaffrey", "action_flag": 2, "change_message": "Changed dues_paid."}}, {"model": "admin.logentry", "pk": 66, "fields": {"action_time": "2016-01-09T02:55:17.111Z", "user": 2, "content_type": 11, "object_id": "12", "object_repr": "Robert Ellegate", "action_flag": 2, "change_message": "Changed dues_paid."}}, {"model": "admin.logentry", "pk": 67, "fields": {"action_time": "2016-01-09T02:55:24.054Z", "user": 2, "content_type": 11, "object_id": "11", "object_repr": "Adam Hicks", "action_flag": 2, "change_message": "Changed dues_paid."}}, {"model": "admin.logentry", "pk": 68, "fields": {"action_time": "2016-01-09T02:55:32.707Z", "user": 2, "content_type": 11, "object_id": "10", "object_repr": "Robert Ichiyama", "action_flag": 2, "change_message": "Changed dues_paid."}}, {"model": "admin.logentry", "pk": 69, "fields": {"action_time": "2016-01-09T02:55:40.744Z", "user": 2, "content_type": 11, "object_id": "9", "object_repr": "Drew Laudenslager", "action_flag": 2, "change_message": "Changed dues_paid."}}, {"model": "admin.logentry", "pk": 70, "fields": {"action_time": "2016-01-09T02:55:49.003Z", "user": 2, "content_type": 11, "object_id": "8", "object_repr": "John Gunn", "action_flag": 2, "change_message": "Changed dues_paid."}}, {"model": "admin.logentry", "pk": 71, "fields": {"action_time": "2016-01-09T02:55:58.036Z", "user": 2, "content_type": 11, "object_id": "7", "object_repr": "Chad Kratina", "action_flag": 2, "change_message": "Changed dues_paid."}}, {"model": "admin.logentry", "pk": 72, "fields": {"action_time": "2016-01-09T02:56:04.301Z", "user": 2, "content_type": 11, "object_id": "6", "object_repr": "Andrew Kalil", "action_flag": 2, "change_message": "Changed dues_paid."}}, {"model": "admin.logentry", "pk": 73, "fields": {"action_time": "2016-01-09T02:56:09.851Z", "user": 2, "content_type": 11, "object_id": "5", "object_repr": "James Funnell", "action_flag": 2, "change_message": "Changed dues_paid."}}, {"model": "admin.logentry", "pk": 74, "fields": {"action_time": "2016-01-09T05:59:14.678Z", "user": 2, "content_type": 12, "object_id": "17", "object_repr": "RJ Cremin", "action_flag": 2, "change_message": "Changed accepted."}}, {"model": "admin.logentry", "pk": 75, "fields": {"action_time": "2016-01-09T06:04:35.499Z", "user": 2, "content_type": 11, "object_id": "16", "object_repr": "Richard Cremin", "action_flag": 2, "change_message": "Changed sailing_level and dues_paid."}}, {"model": "admin.logentry", "pk": 76, "fields": {"action_time": "2016-01-09T06:04:57.395Z", "user": 2, "content_type": 4, "object_id": "16", "object_repr": "rc2106", "action_flag": 2, "change_message": "Changed is_staff and is_superuser."}}, {"model": "admin.logentry", "pk": 77, "fields": {"action_time": "2016-01-09T06:06:18.963Z", "user": 2, "content_type": 11, "object_id": "15", "object_repr": "Madison Davis", "action_flag": 2, "change_message": "Changed dues_paid."}}, {"model": "admin.logentry", "pk": 78, "fields": {"action_time": "2016-01-09T16:49:37.909Z", "user": 2, "content_type": 12, "object_id": "18", "object_repr": "Amit Rogel", "action_flag": 2, "change_message": "Changed accepted."}}, {"model": "admin.logentry", "pk": 79, "fields": {"action_time": "2016-01-10T00:27:37.734Z", "user": 2, "content_type": 11, "object_id": "17", "object_repr": "Amit Rogel", "action_flag": 2, "change_message": "Changed sailing_level and dues_paid."}}, {"model": "admin.logentry", "pk": 80, "fields": {"action_time": "2016-01-14T20:04:36.762Z", "user": 2, "content_type": 11, "object_id": "18", "object_repr": "Ian Taylor", "action_flag": 2, "change_message": "Changed sailing_level."}}, {"model": "admin.logentry", "pk": 81, "fields": {"action_time": "2016-01-14T20:04:59.889Z", "user": 2, "content_type": 4, "object_id": "18", "object_repr": "ixt7265", "action_flag": 2, "change_message": "Changed is_staff and is_superuser."}}, {"model": "admin.logentry", "pk": 82, "fields": {"action_time": "2016-01-14T20:05:46.827Z", "user": 2, "content_type": 11, "object_id": "18", "object_repr": "Ian Taylor", "action_flag": 2, "change_message": "Changed dues_paid."}}, {"model": "admin.logentry", "pk": 83, "fields": {"action_time": "2016-01-18T01:45:59.362Z", "user": 1, "content_type": 4, "object_id": "1", "object_repr": "admin", "action_flag": 2, "change_message": "Changed password."}}, {"model": "admin.logentry", "pk": 84, "fields": {"action_time": "2016-01-18T01:54:12.736Z", "user": 2, "content_type": 14, "object_id": "1", "object_repr": "/ -- Home", "action_flag": 1, "change_message": "Added."}}, {"model": "admin.logentry", "pk": 85, "fields": {"action_time": "2016-01-18T01:54:30.037Z", "user": 2, "content_type": 14, "object_id": "2", "object_repr": "/about/ -- About", "action_flag": 1, "change_message": "Added."}}, {"model": "admin.logentry", "pk": 86, "fields": {"action_time": "2016-01-18T01:56:43.317Z", "user": 2, "content_type": 18, "object_id": "1", "object_repr": "New Website!", "action_flag": 1, "change_message": "Added."}}, {"model": "admin.logentry", "pk": 87, "fields": {"action_time": "2016-01-18T01:57:40.544Z", "user": 2, "content_type": 18, "object_id": "2", "object_repr": "Alpha 0.2", "action_flag": 1, "change_message": "Added."}}, {"model": "admin.logentry", "pk": 88, "fields": {"action_time": "2016-01-18T01:58:58.300Z", "user": 2, "content_type": 18, "object_id": "2", "object_repr": "Alpha 0.2", "action_flag": 2, "change_message": "Changed content."}}, {"model": "admin.logentry", "pk": 89, "fields": {"action_time": "2016-01-18T02:07:12.683Z", "user": 2, "content_type": 15, "object_id": "1", "object_repr": "Boating Bash", "action_flag": 2, "change_message": "Added event-teammember relationship \"Event_going object\". Added event-teammember relationship \"Event_going object\". Added event-teammember relationship \"Event_going object\". Added event-teammember relationship \"Event_going object\". Added event-teammember relationship \"Event_going object\". Added event-teammember relationship \"Event_going object\"."}}, {"model": "admin.logentry", "pk": 90, "fields": {"action_time": "2016-01-18T02:07:49.740Z", "user": 2, "content_type": 15, "object_id": "1", "object_repr": "Boating Bash", "action_flag": 2, "change_message": "Added event-teammember relationship \"Event_going object\". Added event-teammember relationship \"Event_going object\". Added event-teammember relationship \"Event_going object\"."}}, {"model": "admin.logentry", "pk": 91, "fields": {"action_time": "2016-01-18T02:08:16.627Z", "user": 2, "content_type": 15, "object_id": "1", "object_repr": "Boating Bash", "action_flag": 2, "change_message": "Added event-teammember relationship \"Event_going object\". Added event-teammember relationship \"Event_going object\". Added event-teammember relationship \"Event_going object\". Added event-teammember relationship \"Event_going object\". Added event-teammember relationship \"Event_going object\"."}}, {"model": "admin.logentry", "pk": 92, "fields": {"action_time": "2016-01-18T02:45:52.865Z", "user": 2, "content_type": 15, "object_id": "1", "object_repr": "Boating Bash", "action_flag": 2, "change_message": "Deleted event-teammember relationship \"Event_going object\". Deleted event-teammember relationship \"Event_going object\". Deleted event-teammember relationship \"Event_going object\". Deleted event-teammember relationship \"Event_going object\". Deleted event-teammember relationship \"Event_going object\". Deleted event-teammember relationship \"Event_going object\". Deleted event-teammember relationship \"Event_going object\". Deleted event-teammember relationship \"Event_going object\". Deleted event-teammember relationship \"Event_going object\". Deleted event-teammember relationship \"Event_going object\". Deleted event-teammember relationship \"Event_going object\". Deleted event-teammember relationship \"Event_going object\"."}}, {"model": "admin.logentry", "pk": 93, "fields": {"action_time": "2016-01-18T02:55:12.514Z", "user": 2, "content_type": 15, "object_id": "1", "object_repr": "Boating Bash", "action_flag": 2, "change_message": "Added event-teammember relationship \"Event_going object\". Added event-teammember relationship \"Event_going object\". Added event-teammember relationship \"Event_going object\". Added event-teammember relationship \"Event_going object\"."}}, {"model": "admin.logentry", "pk": 94, "fields": {"action_time": "2016-01-21T20:21:33.461Z", "user": 2, "content_type": 14, "object_id": "1", "object_repr": "/ -- Home", "action_flag": 2, "change_message": "Changed content."}}, {"model": "admin.logentry", "pk": 95, "fields": {"action_time": "2016-01-21T20:28:10.828Z", "user": 2, "content_type": 14, "object_id": "1", "object_repr": "/ -- Home", "action_flag": 2, "change_message": "Changed content."}}, {"model": "admin.logentry", "pk": 96, "fields": {"action_time": "2016-01-21T20:29:05.916Z", "user": 2, "content_type": 14, "object_id": "1", "object_repr": "/ -- Home", "action_flag": 2, "change_message": "Changed content."}}, {"model": "admin.logentry", "pk": 97, "fields": {"action_time": "2016-01-21T20:30:07.675Z", "user": 2, "content_type": 14, "object_id": "1", "object_repr": "/ -- Home", "action_flag": 2, "change_message": "Changed content."}}, {"model": "admin.logentry", "pk": 98, "fields": {"action_time": "2016-01-21T20:30:29.670Z", "user": 2, "content_type": 14, "object_id": "1", "object_repr": "/ -- Home", "action_flag": 2, "change_message": "Changed content."}}, {"model": "admin.logentry", "pk": 99, "fields": {"action_time": "2016-01-21T21:41:01.372Z", "user": 2, "content_type": 18, "object_id": "2", "object_repr": "Alpha 0.2", "action_flag": 2, "change_message": "Changed header_image."}}, {"model": "admin.logentry", "pk": 100, "fields": {"action_time": "2016-01-21T21:48:40.376Z", "user": 2, "content_type": 18, "object_id": "1", "object_repr": "New Website!", "action_flag": 2, "change_message": "No fields changed."}}, {"model": "admin.logentry", "pk": 101, "fields": {"action_time": "2016-01-21T22:02:11.718Z", "user": 2, "content_type": 18, "object_id": "2", "object_repr": "Alpha 0.2", "action_flag": 2, "change_message": "Changed sub_title."}}, {"model": "admin.logentry", "pk": 102, "fields": {"action_time": "2016-01-21T22:02:37.176Z", "user": 2, "content_type": 18, "object_id": "1", "object_repr": "New Website!", "action_flag": 2, "change_message": "Changed sub_title."}}, {"model": "admin.logentry", "pk": 103, "fields": {"action_time": "2016-01-21T22:08:14.304Z", "user": 2, "content_type": 14, "object_id": "1", "object_repr": "/ -- Home", "action_flag": 3, "change_message": ""}}, {"model": "admin.logentry", "pk": 104, "fields": {"action_time": "2016-01-21T22:25:09.304Z", "user": 2, "content_type": 18, "object_id": "1", "object_repr": "New Website!", "action_flag": 2, "change_message": "Changed header_image."}}, {"model": "admin.logentry", "pk": 105, "fields": {"action_time": "2016-01-21T22:31:19.157Z", "user": 2, "content_type": 18, "object_id": "2", "object_repr": "Alpha 0.2", "action_flag": 2, "change_message": "Changed header_image."}}, {"model": "admin.logentry", "pk": 106, "fields": {"action_time": "2016-01-22T05:08:01.332Z", "user": 2, "content_type": 15, "object_id": "2", "object_repr": "Boating Bash V2", "action_flag": 1, "change_message": "Added."}}, {"model": "admin.logentry", "pk": 107, "fields": {"action_time": "2016-01-22T05:08:40.276Z", "user": 2, "content_type": 15, "object_id": "2", "object_repr": "Boating Bash V2", "action_flag": 2, "change_message": "Changed end_date."}}, {"model": "admin.logentry", "pk": 108, "fields": {"action_time": "2016-01-22T05:25:54.376Z", "user": 2, "content_type": 18, "object_id": "2", "object_repr": "Alpha 0.2", "action_flag": 2, "change_message": "Changed pinned_post."}}, {"model": "admin.logentry", "pk": 109, "fields": {"action_time": "2016-01-22T05:35:22.638Z", "user": 2, "content_type": 18, "object_id": "2", "object_repr": "Alpha 0.2", "action_flag": 2, "change_message": "Changed pinned_post."}}, {"model": "admin.logentry", "pk": 110, "fields": {"action_time": "2016-01-22T05:35:25.451Z", "user": 2, "content_type": 18, "object_id": "1", "object_repr": "New Website!", "action_flag": 2, "change_message": "Changed pinned_post."}}, {"model": "admin.logentry", "pk": 111, "fields": {"action_time": "2016-01-23T04:11:00.639Z", "user": 2, "content_type": 14, "object_id": "2", "object_repr": "/about/ -- About", "action_flag": 2, "change_message": "Changed content."}}, {"model": "admin.logentry", "pk": 112, "fields": {"action_time": "2016-01-23T04:13:30.945Z", "user": 2, "content_type": 14, "object_id": "2", "object_repr": "/about/ -- About", "action_flag": 2, "change_message": "Changed content."}}, {"model": "admin.logentry", "pk": 113, "fields": {"action_time": "2016-01-23T04:13:56.938Z", "user": 2, "content_type": 14, "object_id": "2", "object_repr": "/about/ -- About", "action_flag": 2, "change_message": "Changed content."}}, {"model": "admin.logentry", "pk": 114, "fields": {"action_time": "2016-01-23T04:14:30.098Z", "user": 2, "content_type": 14, "object_id": "2", "object_repr": "/about/ -- About", "action_flag": 2, "change_message": "Changed content."}}, {"model": "admin.logentry", "pk": 115, "fields": {"action_time": "2016-01-23T04:15:08.434Z", "user": 2, "content_type": 14, "object_id": "2", "object_repr": "/about/ -- About", "action_flag": 2, "change_message": "Changed content."}}, {"model": "admin.logentry", "pk": 116, "fields": {"action_time": "2016-01-23T04:16:05.942Z", "user": 2, "content_type": 14, "object_id": "2", "object_repr": "/about/ -- About", "action_flag": 2, "change_message": "Changed content."}}, {"model": "admin.logentry", "pk": 117, "fields": {"action_time": "2016-01-23T04:16:21.543Z", "user": 2, "content_type": 14, "object_id": "2", "object_repr": "/about/ -- About", "action_flag": 2, "change_message": "Changed content."}}, {"model": "admin.logentry", "pk": 118, "fields": {"action_time": "2016-01-23T04:16:50.957Z", "user": 2, "content_type": 14, "object_id": "2", "object_repr": "/about/ -- About", "action_flag": 2, "change_message": "Changed content."}}, {"model": "admin.logentry", "pk": 119, "fields": {"action_time": "2016-01-23T04:19:34.748Z", "user": 2, "content_type": 14, "object_id": "2", "object_repr": "/about/ -- About", "action_flag": 2, "change_message": "Changed content."}}, {"model": "admin.logentry", "pk": 120, "fields": {"action_time": "2016-01-23T04:19:59.361Z", "user": 2, "content_type": 14, "object_id": "2", "object_repr": "/about/ -- About", "action_flag": 2, "change_message": "Changed content."}}, {"model": "admin.logentry", "pk": 121, "fields": {"action_time": "2016-01-23T04:20:36.641Z", "user": 2, "content_type": 14, "object_id": "2", "object_repr": "/about/ -- About", "action_flag": 2, "change_message": "Changed content."}}, {"model": "admin.logentry", "pk": 122, "fields": {"action_time": "2016-01-23T04:21:15.986Z", "user": 2, "content_type": 14, "object_id": "2", "object_repr": "/about/ -- About", "action_flag": 2, "change_message": "Changed content."}}, {"model": "admin.logentry", "pk": 123, "fields": {"action_time": "2016-01-23T04:21:46.930Z", "user": 2, "content_type": 14, "object_id": "2", "object_repr": "/about/ -- About", "action_flag": 2, "change_message": "Changed content."}}, {"model": "admin.logentry", "pk": 124, "fields": {"action_time": "2016-01-23T04:29:59.547Z", "user": 2, "content_type": 14, "object_id": "2", "object_repr": "/about/ -- About", "action_flag": 2, "change_message": "Changed content."}}, {"model": "admin.logentry", "pk": 125, "fields": {"action_time": "2016-01-23T04:36:10.636Z", "user": 2, "content_type": 14, "object_id": "2", "object_repr": "/about/ -- About", "action_flag": 2, "change_message": "Changed content."}}, {"model": "admin.logentry", "pk": 126, "fields": {"action_time": "2016-01-23T04:38:36.377Z", "user": 2, "content_type": 14, "object_id": "2", "object_repr": "/about/ -- About", "action_flag": 2, "change_message": "Changed content."}}, {"model": "admin.logentry", "pk": 127, "fields": {"action_time": "2016-01-23T04:39:18.390Z", "user": 2, "content_type": 14, "object_id": "2", "object_repr": "/about/ -- About", "action_flag": 2, "change_message": "Changed content."}}, {"model": "admin.logentry", "pk": 128, "fields": {"action_time": "2016-01-23T04:40:09.438Z", "user": 2, "content_type": 14, "object_id": "2", "object_repr": "/about/ -- About", "action_flag": 2, "change_message": "Changed content."}}, {"model": "admin.logentry", "pk": 129, "fields": {"action_time": "2016-01-23T04:41:37.674Z", "user": 2, "content_type": 14, "object_id": "2", "object_repr": "/about/ -- About", "action_flag": 2, "change_message": "Changed content."}}, {"model": "admin.logentry", "pk": 130, "fields": {"action_time": "2016-01-23T04:41:55.671Z", "user": 2, "content_type": 14, "object_id": "2", "object_repr": "/about/ -- About", "action_flag": 2, "change_message": "Changed content."}}, {"model": "admin.logentry", "pk": 131, "fields": {"action_time": "2016-01-23T04:44:52.414Z", "user": 2, "content_type": 14, "object_id": "2", "object_repr": "/about/ -- About", "action_flag": 2, "change_message": "Changed content."}}, {"model": "admin.logentry", "pk": 132, "fields": {"action_time": "2016-01-23T04:45:57.186Z", "user": 2, "content_type": 14, "object_id": "2", "object_repr": "/about/ -- About", "action_flag": 2, "change_message": "Changed content."}}, {"model": "admin.logentry", "pk": 133, "fields": {"action_time": "2016-01-23T04:49:36.784Z", "user": 2, "content_type": 14, "object_id": "2", "object_repr": "/about/ -- About", "action_flag": 2, "change_message": "Changed content."}}, {"model": "admin.logentry", "pk": 134, "fields": {"action_time": "2016-01-23T04:50:28.042Z", "user": 2, "content_type": 14, "object_id": "2", "object_repr": "/about/ -- About", "action_flag": 2, "change_message": "Changed content."}}, {"model": "admin.logentry", "pk": 135, "fields": {"action_time": "2016-01-23T04:50:55.902Z", "user": 2, "content_type": 14, "object_id": "2", "object_repr": "/about/ -- About", "action_flag": 2, "change_message": "Changed content."}}, {"model": "admin.logentry", "pk": 136, "fields": {"action_time": "2016-01-23T04:52:21.851Z", "user": 2, "content_type": 14, "object_id": "2", "object_repr": "/about/ -- About", "action_flag": 2, "change_message": "Changed content."}}, {"model": "admin.logentry", "pk": 137, "fields": {"action_time": "2016-01-23T04:53:07.091Z", "user": 2, "content_type": 14, "object_id": "2", "object_repr": "/about/ -- About", "action_flag": 2, "change_message": "Changed content."}}]